day,countryCode,countryName,region,lat,lon,confirmed,cured,death
2020/02/01,AD,Andorra,Europe,42.5,1.5,0,0,0
2020/02/01,AE,United Arab Emirates,Asia,24,54,4,0,0
2020/02/01,AF,Afghanistan,Asia,33,65,0,0,0
2020/02/01,AG,Antigua and Barbuda,Americas,17.05,-61.8,0,0,0
2020/02/01,AL,Albania,Europe,41,20,0,0,0
2020/02/01,AM,Armenia,Asia,40,45,0,0,0
2020/02/01,AO,Angola,Africa,-12.5,18.5,0,0,0
2020/02/01,AR,Argentina,Americas,-34,-64,0,0,0
2020/02/01,AT,Austria,Europe,47.33333333,13.33333333,0,0,0
2020/02/01,AU,Australia,Oceania,-27,133,12,2,0
2020/02/01,AW,Aruba,Americas,12.5,-69.96666666,0,0,0
2020/02/01,AZ,Azerbaijan,Asia,40.5,47.5,0,0,0
2020/02/01,BA,Bosnia and Herzegovina,Europe,44,18,0,0,0
2020/02/01,BB,Barbados,Americas,13.16666666,-59.53333333,0,0,0
2020/02/01,BD,Bangladesh,Asia,24,90,0,0,0
2020/02/01,BE,Belgium,Europe,50.83333333,4,0,0,0
2020/02/01,BF,Burkina Faso,Africa,13,-2,0,0,0
2020/02/01,BG,Bulgaria,Europe,43,25,0,0,0
2020/02/01,BH,Bahrain,Asia,26,50.55,0,0,0
2020/02/01,BJ,Benin,Africa,9.5,2.25,0,0,0
2020/02/01,BL,Saint Barthélemy,Americas,18.5,-63.41666666,0,0,0
2020/02/01,BM,Bermuda,Americas,32.33333333,-64.75,0,0,0
2020/02/01,BN,Brunei,Asia,4.5,114.66666666,0,0,0
2020/02/01,BO,Bolivia,Americas,-17,-65,0,0,0
2020/02/01,BR,Brazil,Americas,-10,-55,0,0,0
2020/02/01,BS,Bahamas,Americas,24.25,-76,0,0,0
2020/02/01,BT,Bhutan,Asia,27.5,90.5,0,0,0
2020/02/01,BY,Belarus,Europe,53,28,0,0,0
2020/02/01,BZ,Belize,Americas,17.25,-88.75,0,0,0
2020/02/01,CA,Canada,Americas,60,-95,4,0,0
2020/02/01,CD,DR Congo,Africa,0,25,0,0,0
2020/02/01,CF,Central African Republic,Africa,7,21,0,0,0
2020/02/01,CG,Republic of the Congo,Africa,-1,15,0,0,0
2020/02/01,CH,Switzerland,Europe,47,8,0,0,0
2020/02/01,CI,Ivory Coast,Africa,8,-5,0,0,0
2020/02/01,CL,Chile,Americas,-30,-71,0,0,0
2020/02/01,CM,Cameroon,Africa,6,12,0,0,0
2020/02/01,CN,China,Asia,35,105,11871,275,259
2020/02/01,CO,Colombia,Americas,4,-72,0,0,0
2020/02/01,CR,Costa Rica,Americas,10,-84,0,0,0
2020/02/01,CU,Cuba,Americas,21.5,-80,0,0,0
2020/02/01,CV,Cape Verde,Africa,16,-24,0,0,0
2020/02/01,CW,Curaçao,Americas,12.116667,-68.933333,0,0,0
2020/02/01,CY,Cyprus,Europe,35,33,0,0,0
2020/02/01,CZ,Czechia,Europe,49.75,15.5,0,0,0
2020/02/01,DE,Germany,Europe,51,9,8,0,0
2020/02/01,DJ,Djibouti,Africa,11.5,43,0,0,0
2020/02/01,DK,Denmark,Europe,56,10,0,0,0
2020/02/01,DM,Dominica,Americas,15.41666666,-61.33333333,0,0,0
2020/02/01,DO,Dominican Republic,Americas,19,-70.66666666,0,0,0
2020/02/01,DZ,Algeria,Africa,28,3,0,0,0
2020/02/01,EC,Ecuador,Americas,-2,-77.5,0,0,0
2020/02/01,EE,Estonia,Europe,59,26,0,0,0
2020/02/01,EG,Egypt,Africa,27,30,0,0,0
2020/02/01,ER,Eritrea,Africa,15,39,0,0,0
2020/02/01,ES,Spain,Europe,40,-4,1,0,0
2020/02/01,ET,Ethiopia,Africa,8,38,0,0,0
2020/02/01,FI,Finland,Europe,64,26,1,0,0
2020/02/01,FJ,Fiji,Oceania,-18,175,0,0,0
2020/02/01,FO,Faroe Islands,Europe,62,-7,0,0,0
2020/02/01,FR,France,Europe,46,2,6,0,0
2020/02/01,GA,Gabon,Africa,-1,11.75,0,0,0
2020/02/01,GB,United Kingdom,Europe,54,-2,2,0,0
2020/02/01,GD,Grenada,Americas,12.11666666,-61.66666666,0,0,0
2020/02/01,GE,Georgia,Asia,42,43.5,0,0,0
2020/02/01,GF,French Guiana,Americas,4,-53,0,0,0
2020/02/01,GH,Ghana,Africa,8,-2,0,0,0
2020/02/01,GI,Gibraltar,Europe,36.13333333,-5.35,0,0,0
2020/02/01,GL,Greenland,Americas,72,-40,0,0,0
2020/02/01,GM,Gambia,Africa,13.46666666,-16.56666666,0,0,0
2020/02/01,GN,Guinea,Africa,11,-10,0,0,0
2020/02/01,GP,Guadeloupe,Americas,16.25,-61.583333,0,0,0
2020/02/01,GQ,Equatorial Guinea,Africa,2,10,0,0,0
2020/02/01,GR,Greece,Europe,39,22,0,0,0
2020/02/01,GT,Guatemala,Americas,15.5,-90.25,0,0,0
2020/02/01,GU,Guam,Oceania,13.46666666,144.78333333,0,0,0
2020/02/01,GY,Guyana,Americas,5,-59,0,0,0
2020/02/01,HK,Hong Kong,Asia,22.267,114.188,13,0,0
2020/02/01,HN,Honduras,Americas,15,-86.5,0,0,0
2020/02/01,HR,Croatia,Europe,45.16666666,15.5,0,0,0
2020/02/01,HT,Haiti,Americas,19,-72.41666666,0,0,0
2020/02/01,HU,Hungary,Europe,47,20,0,0,0
2020/02/01,ID,Indonesia,Asia,-5,120,0,0,0
2020/02/01,IE,Ireland,Europe,53,-8,0,0,0
2020/02/01,IL,Israel,Asia,31.47,35.13,0,0,0
2020/02/01,IM,Isle of Man,Europe,54.25,-4.5,0,0,0
2020/02/01,IN,India,Asia,20,77,1,0,0
2020/02/01,IQ,Iraq,Asia,33,44,0,0,0
2020/02/01,IR,Iran,Asia,32,53,0,0,0
2020/02/01,IS,Iceland,Europe,65,-18,0,0,0
2020/02/01,IT,Italy,Europe,42.83333333,12.83333333,2,0,0
2020/02/01,JM,Jamaica,Americas,18.25,-77.5,0,0,0
2020/02/01,JO,Jordan,Asia,31,36,0,0,0
2020/02/01,JP,Japan,Asia,36,138,20,1,0
2020/02/01,KE,Kenya,Africa,1,38,0,0,0
2020/02/01,KG,Kyrgyzstan,Asia,41,75,0,0,0
2020/02/01,KH,Cambodia,Asia,13,105,1,0,0
2020/02/01,KR,South Korea,Asia,37,127.5,12,0,0
2020/02/01,KW,Kuwait,Asia,29.5,45.75,0,0,0
2020/02/01,KY,Cayman Islands,Americas,19.5,-80.5,0,0,0
2020/02/01,KZ,Kazakhstan,Asia,48,68,0,0,0
2020/02/01,LB,Lebanon,Asia,33.83333333,35.83333333,0,0,0
2020/02/01,LC,Saint Lucia,Americas,13.88333333,-60.96666666,0,0,0
2020/02/01,LI,Liechtenstein,Europe,47.26666666,9.53333333,0,0,0
2020/02/01,LK,Sri Lanka,Asia,7,81,1,0,0
2020/02/01,LR,Liberia,Africa,6.5,-9.5,0,0,0
2020/02/01,LT,Lithuania,Europe,56,24,0,0,0
2020/02/01,LU,Luxembourg,Europe,49.75,6.16666666,0,0,0
2020/02/01,LV,Latvia,Europe,57,25,0,0,0
2020/02/01,MA,Morocco,Africa,32,-5,0,0,0
2020/02/01,MC,Monaco,Europe,43.73333333,7.4,0,0,0
2020/02/01,MD,Moldova,Europe,47,29,0,0,0
2020/02/01,ME,Montenegro,Europe,42.5,19.3,0,0,0
2020/02/01,MF,Saint Martin,Americas,18.08333333,-63.95,0,0,0
2020/02/01,MG,Madagascar,Africa,-20,47,0,0,0
2020/02/01,MK,North Macedonia,Europe,41.83333333,22,0,0,0
2020/02/01,MM,Myanmar,Asia,22,98,0,0,0
2020/02/01,MN,Mongolia,Asia,46,105,0,0,0
2020/02/01,MO,Macau,Asia,22.16666666,113.55,7,0,0
2020/02/01,MQ,Martinique,Americas,14.666667,-61,0,0,0
2020/02/01,MR,Mauritania,Africa,20,-12,0,0,0
2020/02/01,MS,Montserrat,Americas,16.75,-62.2,0,0,0
2020/02/01,MT,Malta,Europe,35.83333333,14.58333333,0,0,0
2020/02/01,MU,Mauritius,Africa,-20.28333333,57.55,0,0,0
2020/02/01,MV,Maldives,Asia,3.25,73,0,0,0
2020/02/01,MX,Mexico,Americas,23,-102,0,0,0
2020/02/01,MY,Malaysia,Asia,2.5,112.5,8,0,0
2020/02/01,MZ,Mozambique,Africa,-18.25,35,0,0,0
2020/02/01,NA,Namibia,Africa,-22,17,0,0,0
2020/02/01,NC,New Caledonia,Oceania,-21.5,165.5,0,0,0
2020/02/01,NE,Niger,Africa,16,8,0,0,0
2020/02/01,NG,Nigeria,Africa,10,8,0,0,0
2020/02/01,NI,Nicaragua,Americas,13,-85,0,0,0
2020/02/01,NL,Netherlands,Europe,52.5,5.75,0,0,0
2020/02/01,NO,Norway,Europe,62,10,0,0,0
2020/02/01,NP,Nepal,Asia,28,84,1,0,0
2020/02/01,NZ,New Zealand,Oceania,-41,174,0,0,0
2020/02/01,OM,Oman,Asia,21,57,0,0,0
2020/02/01,PA,Panama,Americas,9,-80,0,0,0
2020/02/01,PE,Peru,Americas,-10,-76,0,0,0
2020/02/01,PF,French Polynesia,Oceania,-15,-140,0,0,0
2020/02/01,PG,Papua New Guinea,Oceania,-6,147,0,0,0
2020/02/01,PH,Philippines,Asia,13,122,1,0,0
2020/02/01,PK,Pakistan,Asia,30,70,0,0,0
2020/02/01,PL,Poland,Europe,52,20,0,0,0
2020/02/01,PR,Puerto Rico,Americas,18.25,-66.5,0,0,0
2020/02/01,PS,Palestine,Asia,31.9,35.2,0,0,0
2020/02/01,PT,Portugal,Europe,39.5,-8,0,0,0
2020/02/01,PY,Paraguay,Americas,-23,-58,0,0,0
2020/02/01,QA,Qatar,Asia,25.5,51.25,0,0,0
2020/02/01,RE,Réunion,Africa,-21.15,55.5,0,0,0
2020/02/01,RO,Romania,Europe,46,25,0,0,0
2020/02/01,RS,Serbia,Europe,44,21,0,0,0
2020/02/01,RU,Russia,Europe,60,100,2,0,0
2020/02/01,RW,Rwanda,Africa,-2,30,0,0,0
2020/02/01,SA,Saudi Arabia,Asia,25,45,0,0,0
2020/02/01,SC,Seychelles,Africa,-4.58333333,55.66666666,0,0,0
2020/02/01,SD,Sudan,Africa,15,30,0,0,0
2020/02/01,SE,Sweden,Europe,62,15,1,0,0
2020/02/01,SG,Singapore,Asia,1.36666666,103.8,16,0,0
2020/02/01,SI,Slovenia,Europe,46.11666666,14.81666666,0,0,0
2020/02/01,SK,Slovakia,Europe,48.66666666,19.5,0,0,0
2020/02/01,SM,San Marino,Europe,43.76666666,12.41666666,0,0,0
2020/02/01,SN,Senegal,Africa,14,-14,0,0,0
2020/02/01,SO,Somalia,Africa,10,49,0,0,0
2020/02/01,SR,Suriname,Americas,4,-56,0,0,0
2020/02/01,SV,El Salvador,Americas,13.83333333,-88.91666666,0,0,0
2020/02/01,SX,Sint Maarten,Americas,18.033333,-63.05,0,0,0
2020/02/01,SY,Syria,Asia,35,38,0,0,0
2020/02/01,SZ,Eswatini,Africa,-26.5,31.5,0,0,0
2020/02/01,TC,Turks and Caicos Islands,Americas,21.75,-71.58333333,0,0,0
2020/02/01,TD,Chad,Africa,15,19,0,0,0
2020/02/01,TG,Togo,Africa,8,1.16666666,0,0,0
2020/02/01,TH,Thailand,Asia,15,100,19,5,0
2020/02/01,TL,Timor-Leste,Asia,-8.83333333,125.91666666,0,0,0
2020/02/01,TN,Tunisia,Africa,34,9,0,0,0
2020/02/01,TR,Turkey,Asia,39,35,0,0,0
2020/02/01,TT,Trinidad and Tobago,Americas,11,-61,0,0,0
2020/02/01,TW,Taiwan,Asia,23.5,121,10,0,0
2020/02/01,TZ,Tanzania,Africa,-6,35,0,0,0
2020/02/01,UA,Ukraine,Europe,49,32,0,0,0
2020/02/01,UG,Uganda,Africa,1,32,0,0,0
2020/02/01,US,United States,Americas,38,-97,8,0,0
2020/02/01,UY,Uruguay,Americas,-33,-56,0,0,0
2020/02/01,UZ,Uzbekistan,Asia,41,64,0,0,0
2020/02/01,VA,Vatican City,Europe,41.9,12.45,0,0,0
2020/02/01,VC,Saint Vincent and the Grenadines,Americas,13.25,-61.2,0,0,0
2020/02/01,VE,Venezuela,Americas,8,-66,0,0,0
2020/02/01,VI,United States Virgin Islands,Americas,18.35,-64.933333,0,0,0
2020/02/01,VN,Vietnam,Asia,16.16666666,107.83333333,6,1,0
2020/02/01,X1,Diamond Princess,Asia,35.45582,139.68188,0,0,0
2020/02/01,X2,Channel Islands,Europe,49.372284,-2.364351,0,0,0
2020/02/01,YT,Mayotte,Africa,-12.83333333,45.16666666,0,0,0
2020/02/01,ZA,South Africa,Africa,-29,24,0,0,0
2020/02/01,ZM,Zambia,Africa,-15,30,0,0,0
2020/02/01,ZW,Zimbabwe,Africa,-20,30,0,0,0
